champion,build,c0_upper,c0_avg,c0_lower,c1_upper,c1_avg,c1_lower,c2_upper,c2_avg,c2_lower,c3_upper,c3_avg,c3_lower,c4_upper,c4_avg,c4_lower,c5_upper,c5_avg,c5_lower,c6_upper,c6_avg,c6_lower,c7_upper,c7_avg,c7_lower,c8_upper,c8_avg,c8_lower
Aatrox,item_bruiser,0.52537,0.25273,0.0,0.00014,1e-05,0.0,0.31188,0.06506,0,0.00263,0.00012,0.0,0.0,0.0,0,0.04226,0.00246,0.0,0.29554,0.07974,0.0,0.95201,0.59959,0.247171332580443,0.00789,0.00029,0.0
Ahri,item_ap,0.06154,0.00703,0.0,0.00843,0.00022,0.0,0.02901,0.00169,0,1.1775,0.857,0.53649899358291,0.35466,0.08197,0,0.06277,0.00696,0.0,0.01008,0.00044,0.0,0.07273,0.00845,0.0,0.17814,0.03625,0.0
Akali,item_ap,0.21931,0.04738,0.0,0.09847,0.01867,0.0,0.04735,0.00236,0,0.77435,0.36694,0.0,0.32053,0.06849,0,0.09946,0.0159,0.0,0.03472,0.00142,0.0,0.04773,0.00382,0.0,0.89715,0.47502,0.052886767441610916
Akshan,item_ad,0.21104,0.04644,0.0,0.0,0.0,0.0,0.36739,0.08633,0,1e-05,0.0,0.0,0.0,0.0,0,0.05647,0.00288,0.0,0.98326,0.56251,0.14177270392307095,0.68197,0.30183,0.0,0.0,0.0,0.0
Alistar,item_tank,0.23867,0.07814,0.0,0.28259,0.07438,0.0,0.00948,0.00103,0,1.06948,0.70874,0.34800759094413186,0.37682,0.09086,0,0.18397,0.04078,0.0,0.00031,2e-05,0.0,0.03347,0.00459,0.0,0.02888,0.00146,0.0
Amumu,item_ap,0.14211,0.02161,0.0,0.07313,0.01476,0.0,0.0005,7e-05,0,0.6968,0.32354,0.0,0.29217,0.0579,0,0.44477,0.1742,0.0,0.0,0.0,0.0,0.00031,4e-05,0.0,0.7903,0.40788,0.0254548642347715
Amumu,item_tank,0.1522,0.02985,0.0,0.062,0.00876,0.0,0.05173,0.00339,0,0.68358,0.3148,0.0,0.36167,0.08481,0,0.87594,0.48427,0.09258934315274459,0.00057,3e-05,0.0,0.04423,0.00245,0.0,0.24649,0.07163,0.0
Anivia,item_ap,0.17595,0.03256,0.0,0.40921,0.15336,0.0,0.00099,9e-05,0,0.4016,0.12856,0.0,0.3735,0.0889,0,0.19091,0.04152,0.0,4e-05,0.0,0.0,0.01496,0.00069,0.0,0.94226,0.55432,0.1663727429187289
Annie,item_ap,0.11444,0.0147,0.0,0.26443,0.07744,0.0,0.03194,0.00124,0,0.37425,0.1205,0.0,0.31107,0.06501,0,0.15,0.02676,0.0,8e-05,0.0,0.0,0.00576,0.00024,0.0,1.06037,0.69411,0.3278404871441294
Aphelios,item_ad,0.20757,0.05263,0.0,0.0,0.0,0.0,0.35764,0.08243,0,0.0001,0.0,0.0,0.0,0.0,0,0.00448,0.00022,0.0,1.10177,0.72767,0.35356907909512625,0.41383,0.13705,0.0,0.0,0.0,0.0
Ashe,item_ad,0.91967,0.47616,0.03265952307283648,0.00668,0.00016,0.0,0.33394,0.07339,0,0.00189,5e-05,0.0,0.0087,0.00022,0,0.05905,0.00517,0.0,0.81216,0.38952,0.0,0.24084,0.0553,0.0,0.0011,3e-05,0.0
AurelionSol,item_ap,0.15929,0.02751,0.0,0.4984,0.21628,0.0,0.00051,3e-05,0,0.28333,0.08305,0.0,0.36551,0.08553,0,0.13301,0.0261,0.0,0.0,0.0,0.0,7e-05,1e-05,0.0,0.92989,0.56148,0.19307965363185914
Azir,item_ap,0.30658,0.07819,0.0,0.2712,0.09808,0.0,0.04007,0.00225,0,0.36032,0.11151,0.0,0.32413,0.07013,0,0.06055,0.00826,0.0,0.0004,2e-05,0.0,0.04726,0.00302,0.0,0.99763,0.62854,0.25944145374629535
Bard,item_ad,0.72812,0.33787,0.0,0.18925,0.03262,0.0,0.35742,0.08298,0,0.43471,0.12852,0.0,0.15439,0.01982,0,0.21749,0.04552,0.0,0.19083,0.05228,0.0,0.61661,0.25063,0.0,0.23764,0.04975,0.0
Bard,item_ap,0.50954,0.18501,0.0,0.51052,0.18643,0.0,0.08828,0.00786,0,0.74023,0.3548,0.0,0.35086,0.08069,0,0.16524,0.03798,0.0,0.03801,0.00214,0.0,0.05088,0.00321,0.0,0.40818,0.14187,0.0
Blitzcrank,item_ap,0.27535,0.0709,0.0,0.18089,0.04851,0.0,0.02225,0.0023,0,0.41695,0.14734,0.0,0.33007,0.07314,0,0.79893,0.40872,0.018500878168730972,2e-05,0.0,0.0,0.04626,0.00295,0.0,0.57496,0.24615,0.0
Blitzcrank,item_tank,0.28898,0.07969,0.0,0.12214,0.02318,0.0,0.11771,0.01515,0,0.30655,0.09168,0.0,0.29405,0.06203,0,1.07436,0.70014,0.3259127461541368,0.00019,1e-05,0.0,0.06809,0.00694,0.0,0.11309,0.02118,0.0
Brand,item_ap,0.10305,0.01338,0.0,0.39188,0.15089,0.0,0.00057,2e-05,0,0.36179,0.11052,0.0,0.35599,0.08183,0,0.03467,0.00306,0.0,0.0137,0.00033,0.0,0.00252,7e-05,0.0,1.00435,0.63992,0.27549016461285813
Braum,item_tank,0.1896,0.04091,0.0,0.1632,0.03294,0.0,0.06346,0.00558,0,0.36656,0.12085,0.0,0.3895,0.09703,0,1.08185,0.69135,0.30084412922844583,0.00057,4e-05,0.0,0.06219,0.00562,0.0,0.0484,0.0057,0.0
Caitlyn,item_ad,0.18574,0.04671,0.0,0.0,0.0,0.0,0.3613,0.08394,0,0.0,0.0,0.0,0.0,0.0,0,0.02445,0.00066,0.0,1.10262,0.7205,0.33838874551190695,0.44901,0.14819,0.0,0.0,0.0,0.0
Camille,item_bruiser,0.09926,0.02018,0.0,0.0,0.0,0.0,0.26559,0.04913,0,0.00033,2e-05,0.0,0.0,0.0,0,0.00856,0.00062,0.0,0.30734,0.08652,0.0,1.15368,0.84352,0.5333614484782234,0.0,0.0,0.0
Cassiopeia,item_ap,0.10792,0.01679,0.0,0.58675,0.26331,0.0,0.0007,6e-05,0,0.43591,0.14924,0.0,0.33745,0.0746,0,0.06774,0.0092,0.0,0.00024,1e-05,0.0,0.00127,8e-05,0.0,0.86214,0.48672,0.1112911014277308
Chogath,item_ap,0.07739,0.01098,0.0,0.02859,0.00227,0.0,0.00139,0.00018,0,1.15845,0.79605,0.4336581991051718,0.39125,0.09607,0,0.16582,0.03106,0.0,0.0,0.0,0.0,0.06664,0.00458,0.0,0.23644,0.05879,0.0
Chogath,item_tank,0.18547,0.03879,0.0,0.00368,0.00015,0.0,0.06741,0.0058,0,1.1538,0.80921,0.46461834553641995,0.33988,0.07696,0,0.23329,0.05836,0.0,0.01193,0.00048,0.0,0.07246,0.00658,0.0,0.04529,0.00366,0.0
Corki,item_ad,0.84535,0.41443,0.0,0.27744,0.07935,0.0,0.15664,0.02164,0,0.37698,0.13041,0.0,0.33338,0.07519,0,0.06069,0.00436,0.0,3e-05,0.0,0.0,0.04183,0.00244,0.0,0.62915,0.27219,0.0
Darius,item_bruiser,0.21005,0.06573,0.0,1e-05,0.0,0.0,0.2997,0.06071,0,0.01755,0.00129,0.0,0.0,0.0,0,0.06271,0.00408,0.0,0.35778,0.11231,0.0,1.10365,0.75588,0.40810452659853835,6e-05,0.0,0.0
Darius,item_tank,0.2719,0.09094,0.0,9e-05,1e-05,0.0,0.30729,0.06329,0,0.02004,0.00179,0.0,1e-05,0.0,0,0.03851,0.00502,0.0,0.35787,0.11851,0.0,1.06797,0.72044,0.3729095824166775,0.00017,1e-05,0.0
Diana,item_ap,0.27857,0.06475,0.0,0.18735,0.05308,0.0,0.07269,0.00497,0,0.49417,0.1854,0.0,0.38442,0.09358,0,0.05976,0.00856,0.0,0.0,0.0,0.0,0.02133,0.00126,0.0,0.98238,0.58841,0.19442796873303536
DrMundo,item_tank,1.02695,0.62583,0.22470972199221806,0.05868,0.00685,0.0,0.24136,0.04612,0,0.55671,0.22547,0.0,0.24571,0.04743,0,0.11182,0.01768,0.0,8e-05,0.0,0.0,0.15086,0.0273,0.0,0.03928,0.00332,0.0
Draven,item_ad,0.13274,0.0348,0.0,0.0,0.0,0.0,0.32058,0.06827,0,0.0,0.0,0.0,0.0,0.0,0,0.0725,0.00522,0.0,1.12658,0.79603,0.4654875071571868,0.31626,0.09568,0.0,1e-05,0.0,0.0
Ekko,item_ap,0.30452,0.08647,0.0,0.42353,0.14717,0.0,0.00815,0.00078,0,0.7582,0.36894,0.0,0.33202,0.07305,0,0.12138,0.02219,0.0,0.00033,1e-05,0.0,0.02401,0.00172,0.0,0.66128,0.29966,0.0
Elise,item_ap,0.18245,0.03148,0.0,0.36509,0.12654,0.0,0.00189,0.00015,0,0.46032,0.161,0.0,0.36823,0.08664,0,0.13604,0.02468,0.0,0.00033,2e-05,0.0,0.00031,3e-05,0.0,0.95776,0.56946,0.18116023884944837
Evelynn,item_ap,0.12863,0.02317,0.0,0.42156,0.14204,0.0,0.00029,2e-05,0,0.69755,0.30894,0.0,0.35905,0.08297,0,0.08301,0.00926,0.0,0.0,0.0,0.0,0.00699,0.00046,0.0,0.84316,0.43314,0.023120806629308155
Ezreal,item_ad,1.11695,0.77071,0.4244711323264689,0.00069,2e-05,0.0,0.33862,0.07514,0,0.01504,0.00055,0.0,0.00607,0.00016,0,0.03754,0.00259,0.0,0.21532,0.05076,0.0,0.30456,0.09979,0.0,0.00952,0.00029,0.0
Fiddlesticks,item_ap,0.02197,0.00512,0.0,0.46737,0.17385,0.0,0.00077,4e-05,0,0.77089,0.3594,0.0,0.41079,0.10462,0,0.13409,0.02543,0.0,0.00175,6e-05,0.0,0.00043,3e-05,0.0,0.70039,0.33145,0.0
Fiora,item_ad,0.02378,0.00451,0.0,0.0,0.0,0.0,0.33362,0.07246,0,0.00258,0.00031,0.0,0.0,0.0,0,0.03598,0.0053,0.0,0.40842,0.12606,0.0,1.15075,0.79137,0.43197878187935596,0.0,0.0,0.0
Fiora,item_bruiser,0.03235,0.00518,0.0,0.0,0.0,0.0,0.3491,0.07904,0,0.02122,0.00174,0.0,0.0,0.0,0,0.00198,0.00016,0.0,0.23719,0.05837,0.0,1.16686,0.8555,0.5441353490855263,0.0,0.0,0.0
Fizz,item_ap,0.33934,0.09139,0.0,0.1147,0.026,0.0,0.08869,0.00808,0,0.50857,0.19078,0.0,0.3469,0.07933,0,0.20083,0.0463,0.0,0.00024,1e-05,0.0,0.05008,0.00376,0.0,0.97353,0.55434,0.13515152552651
Galio,item_ap,0.05831,0.01417,0.0,0.26402,0.08683,0.0,0.00044,7e-05,0,0.50066,0.2105,0.0,0.42636,0.11104,0,0.46783,0.17675,0.0,0.0,0.0,0.0,0.00021,3e-05,0.0,0.75374,0.40061,0.04749085651929813
Galio,item_tank,0.17849,0.05115,0.0,0.19087,0.04812,0.0,0.00231,0.00024,0,0.61431,0.27609,0.0,0.36542,0.08566,0,0.86366,0.46625,0.06882885822083462,0.0,0.0,0.0,0.0019,0.00018,0.0,0.2616,0.07231,0.0
Gangplank,item_ad,0.31655,0.09271,0.0,0.0,0.0,0.0,0.43564,0.11566,0,0.03517,0.00205,0.0,0.0,0.0,0,0.03958,0.00228,0.0,0.43203,0.15433,0.0,1.03031,0.63297,0.23562476711342684,0.0002,1e-05,0.0
Garen,item_ad,0.00643,0.00181,0.0,0.0,0.0,0.0,0.26751,0.0495,0,0.00135,0.00015,0.0,0.0,0.0,0,0.10986,0.01032,0.0,0.70372,0.30652,0.0,1.05461,0.6317,0.20879803884570197,0.0,0.0,0.0
Garen,item_bruiser,0.07012,0.01356,0.0,0.0,0.0,0.0,0.33045,0.07188,0,0.01151,0.00089,0.0,0.0,0.0,0,0.07312,0.00632,0.0,0.3765,0.12411,0.0,1.13129,0.78322,0.43514368737514436,0.00049,2e-05,0.0
Garen,item_tank,0.13989,0.03218,0.0,0.0,0.0,0.0,0.32973,0.07167,0,0.07174,0.00942,0.0,0.00219,0.00012,0,0.06002,0.00544,0.0,0.30385,0.08989,0.0,1.12243,0.79115,0.459873417080923,0.00263,0.00013,0.0
Gnar,item_ad,0.55466,0.23281,0.0,0.0,0.0,0.0,0.4018,0.09998,0,0.0,0.0,0.0,0.0002,2e-05,0,0.00031,5e-05,0.0,0.83789,0.44153,0.04517114985849113,0.55266,0.22561,0.0,0.0,0.0,0.0
Gnar,item_bruiser,0.71934,0.36674,0.014149512332396141,0.0,0.0,0.0,0.32644,0.07034,0,1e-05,0.0,0.0,1e-05,0.0,0,0.03462,0.00262,0.0,0.62764,0.28026,0.0,0.61647,0.28003,0.0,0.0,0.0,0.0
Gnar,item_tank,0.82892,0.44281,0.05671367185190901,0.0,0.0,0.0,0.48518,0.13846,0,1e-05,0.0,0.0,0.0,0.0,0,0.12578,0.01481,0.0,0.42808,0.15799,0.0,0.57384,0.24592,0.0,1e-05,0.0,0.0
Gragas,item_ap,0.19258,0.04683,0.0,0.54461,0.21265,0.0,0.06519,0.00441,0,0.94925,0.54129,0.13333364016063992,0.29795,0.06061,0,0.08556,0.0146,0.0,0.0,0.0,0.0,0.00065,7e-05,0.0,0.3662,0.11954,0.0
Gragas,item_tank,0.2457,0.08552,0.0,0.29465,0.09066,0.0,0.01518,0.00151,0,1.05423,0.70201,0.3497961336736831,0.28304,0.05564,0,0.19596,0.04081,0.0,0.0,0.0,0.0,0.00556,0.00102,0.0,0.1285,0.02283,0.0
Graves,item_ad,0.20573,0.05299,0.0,0.0,0.0,0.0,0.35058,0.07969,0,0.0,0.0,0.0,0.0,0.0,0,0.03905,0.00164,0.0,1.10008,0.72731,0.3545344303729476,0.41012,0.13837,0.0,3e-05,0.0,0.0
Gwen,item_ap,0.18715,0.04137,0.0,0.00059,4e-05,0.0,0.22069,0.04356,0,1.08031,0.68039,0.28046202559388733,0.25022,0.05221,0,0.0589,0.00733,0.0,0.03309,0.00346,0.0,0.45433,0.16096,0.0,0.08416,0.01069,0.0
Hecarim,item_ad,0.6229,0.28452,0.0,0.0,0.0,0.0,0.19444,0.02778,0,1e-05,0.0,0.0,0.0,0.0,0,0.00374,0.00066,0.0,0.77704,0.38017,0.0,0.65329,0.30687,0.0,0.0,0.0,0.0
Hecarim,item_bruiser,0.78968,0.43274,0.07581024184649726,0.0,0.0,0.0,0.32657,0.07027,0,0.00923,0.00075,0.0,0.0,0.0,0,0.01784,0.00182,0.0,0.22264,0.05424,0.0,0.80481,0.44018,0.07555213239571051,0.0,0.0,0.0
Hecarim,item_tank,0.81972,0.46374,0.1077532130967071,0.00192,0.00017,0.0,0.37571,0.08928,0,0.08054,0.00898,0.0,4e-05,0.0,0,0.09374,0.01227,0.0,0.18647,0.04382,0.0,0.73057,0.38174,0.032907952103140126,0.00011,1e-05,0.0
Heimerdinger,item_ap,0.11432,0.01504,0.0,0.45936,0.19978,0.0,0.03479,0.0012,0,0.23655,0.05461,0.0,0.35954,0.08326,0,0.07142,0.0067,0.0,0.00045,2e-05,0.0,0.00015,1e-05,0.0,0.99269,0.63938,0.2860740681328365
Illaoi,item_bruiser,0.54629,0.2667,0.0,0.0,0.0,0.0,0.36825,0.08661,0,0.00011,1e-05,0.0,0.0,0.0,0,0.05208,0.00254,0.0,0.41619,0.14694,0.0,0.85725,0.4972,0.1371476203669672,0.0,0.0,0.0
Illaoi,item_tank,0.62484,0.30432,0.0,0.0,0.0,0.0,0.34512,0.07692,0,1e-05,0.0,0.0,0.0,0.0,0,0.0001,1e-05,0.0,0.40845,0.13449,0.0,0.84677,0.48426,0.12174678001638833,0.0,0.0,0.0
Irelia,item_ad,0.74829,0.38429,0.020286563311626038,0.00102,5e-05,0.0,0.33733,0.07474,0,0.04887,0.00368,0.0,0.04936,0.00249,0,0.11039,0.01489,0.0,0.36694,0.11257,0.0,0.77315,0.40483,0.036518159612011436,0.03932,0.00247,0.0
Irelia,item_bruiser,0.88226,0.51975,0.1572477598789524,0.00038,2e-05,0.0,0.32198,0.06905,0,0.00649,0.00054,0.0,0.01231,0.00064,0,0.04553,0.00343,0.0,0.14422,0.02833,0.0,0.7199,0.37806,0.036211432403047916,0.00329,0.00017,0.0
Ivern,item_ap,0.30038,0.08586,0.0,0.52571,0.21394,0.0,0.0414,0.00434,0,0.16168,0.04155,0.0,0.21812,0.03676,0,0.90979,0.52857,0.1473510213698594,0.02547,0.00553,0.0,0.11844,0.01548,0.0,0.22623,0.06798,0.0
Ivern,item_support,0.28098,0.08294,0.0,0.87217,0.44259,0.013010611048827836,0.03967,0.0023,0,0.38764,0.12538,0.0,0.25185,0.04545,0,0.6288,0.27874,0.0,0.07312,0.01201,0.0,0.01697,0.00346,0.0,0.04168,0.00712,0.0
Janna,item_ap,0.10756,0.0142,0.0,1.13562,0.7328,0.32998673101932086,0.00037,2e-05,0,0.41358,0.12344,0.0,0.36979,0.0873,0,0.07257,0.0113,0.0,0.00019,1e-05,0.0,0.00039,3e-05,0.0,0.15727,0.03088,0.0
Janna,item_support,0.05589,0.00536,0.0,1.17709,0.82044,0.46378994061929096,3e-05,0.0,0,0.33553,0.08714,0.0,0.32883,0.07129,0,0.06768,0.00854,0.0,0.01776,0.00112,0.0,0.00303,0.0003,0.0,0.06607,0.00579,0.0
JarvanIV,item_ad,0.40915,0.1462,0.0,2e-05,0.0,0.0,0.2583,0.04667,0,0.00015,1e-05,0.0,0.0,0.0,0,0.12956,0.01448,0.0,1.03336,0.64418,0.25499607883545494,0.41496,0.14846,0.0,0.0,0.0,0.0
JarvanIV,item_bruiser,0.69958,0.37226,0.04494738869413245,0.0,0.0,0.0,0.35594,0.08174,0,0.00049,2e-05,0.0,3e-05,0.0,0,0.06438,0.00662,0.0,0.4401,0.16889,0.0,0.72191,0.37046,0.01902146076572986,0.0,0.0,0.0
JarvanIV,item_tank,0.84167,0.46462,0.08757120733759355,0.0,0.0,0.0,0.40236,0.10237,0,0.0003,4e-05,0.0,0.04239,0.00401,0,0.26532,0.05922,0.0,0.29703,0.09253,0.0,0.62159,0.27721,0.0,0.0,0.0,0.0
Jax,item_ad,0.52045,0.21573,0.0,9e-05,0.0,0.0,0.3775,0.09037,0,0.00284,0.00027,0.0,7e-05,0.0,0,0.08876,0.01201,0.0,0.70637,0.31634,0.0,0.74281,0.36503,0.0,0.00339,0.00024,0.0
Jax,item_bruiser,0.55108,0.25935,0.0,2e-05,0.0,0.0,0.36495,0.08525,0,0.00047,5e-05,0.0,1e-05,0.0,0,0.10779,0.01215,0.0,0.52768,0.20628,0.0,0.80582,0.43692,0.06803034771551775,2e-05,0.0,0.0
Jayce,item_ad,0.46903,0.16834,0.0,1e-05,0.0,0.0,0.37127,0.08813,0,0.0,0.0,0.0,0.01872,0.00062,0,0.00307,0.00012,0.0,1.00485,0.59369,0.18253620554740357,0.42321,0.14908,0.0,0.0,0.0,0.0
Jhin,item_ad,0.27394,0.08151,0.0,2e-05,0.0,0.0,0.32751,0.07086,0,0.00022,1e-05,0.0,0.0,0.0,0,0.04515,0.002,0.0,1.12958,0.79431,0.4590416456671155,0.21622,0.05131,0.0,3e-05,0.0,0.0
Jinx,item_ad,0.16342,0.03466,0.0,0.0,0.0,0.0,0.35196,0.08023,0,8e-05,0.0,0.0,0.0,0.0,0,0.03613,0.00138,0.0,1.08861,0.69601,0.3034045293245037,0.516,0.18772,0.0,0.0,0.0,0.0
Kaisa,item_ad,0.58021,0.23221,0.0,0.00363,0.00029,0.0,0.43,0.11362,0,0.01888,0.00212,0.0,0.02856,0.00149,0,0.05856,0.00474,0.0,0.4403,0.15572,0.0,0.90185,0.48113,0.0604106894038372,0.08771,0.00869,0.0
Kaisa,item_ap,0.93514,0.49258,0.05000940993823033,0.15995,0.03806,0.0,0.14758,0.01953,0,0.3063,0.09924,0.0,0.34267,0.07859,0,0.017,0.00096,0.0,0.00098,4e-05,0.0,0.03742,0.00259,0.0,0.62346,0.2684,0.0
Kalista,item_ad,0.26486,0.07368,0.0,0.0,0.0,0.0,0.35365,0.08083,0,0.04503,0.00187,0.0,0.0,0.0,0,0.02566,0.00112,0.0,1.09481,0.71826,0.3416980916829997,0.3774,0.12424,0.0,0.0,0.0,0.0
Karma,item_ap,0.12296,0.01872,0.0,0.66244,0.30738,0.0,0.03526,0.00155,0,0.3595,0.1074,0.0,0.33745,0.07489,0,0.16206,0.0336,0.0,0.00074,4e-05,0.0,0.00204,0.00011,0.0,0.83479,0.4563,0.07781360307301644
Karma,item_support,0.11267,0.01936,0.0,1.07489,0.64284,0.2107930075663162,0.00088,0.0001,0,0.39257,0.11844,0.0,0.37368,0.08879,0,0.25384,0.06508,0.0,0.0034,0.00033,0.0,0.00192,0.00022,0.0,0.25415,0.06485,0.0
Karthus,item_ap,0.0326,0.00268,0.0,0.22062,0.06052,0.0,8e-05,0.0,0,0.44094,0.15175,0.0,0.37653,0.0901,0,0.06185,0.00484,0.0,0.0,0.0,0.0,0.00142,4e-05,0.0,1.06401,0.69006,0.31611824089072454
Kassadin,item_ap,0.19174,0.03394,0.0,0.18115,0.04987,0.0,0.04276,0.00179,0,0.4607,0.1631,0.0,0.42586,0.11128,0,0.14631,0.02732,0.0,3e-05,0.0,0.0,0.00199,0.00013,0.0,1.01279,0.61255,0.21231913734782254
Katarina,item_ap,0.26955,0.06767,0.0,0.15205,0.03154,0.0,0.06238,0.00471,0,0.78263,0.37642,0.0,0.33383,0.0742,0,0.08635,0.01103,0.0,0.00192,0.00011,0.0,0.06318,0.00533,0.0,0.84135,0.42899,0.01663197459527932
Katarina,item_bruiser,1.1472,0.80158,0.45596430473417854,0.03199,0.00368,0.0,0.24187,0.04249,0,0.25332,0.06218,0.0,0.06026,0.0043,0,0.07221,0.00896,0.0,0.00825,0.00082,0.0,0.22746,0.05275,0.0,0.14628,0.02323,0.0
Kayle,item_ad,0.82946,0.43175,0.03403820345727737,0.13541,0.01917,0.0,0.3604,0.08506,0,0.18844,0.04047,0.0,0.10862,0.01166,0,0.04058,0.00454,0.0,0.17885,0.03956,0.0,0.75861,0.36515,0.0,0.02721,0.00263,0.0
Kayle,item_ap,0.90105,0.49593,0.09079945032892722,0.31355,0.07778,0.0,0.21114,0.03829,0,0.5846,0.24734,0.0,0.25465,0.051,0,0.05585,0.00684,0.0,0.05314,0.0053,0.0,0.17272,0.03791,0.0,0.18558,0.03962,0.0
Kayn,item_ad,0.26586,0.07854,0.0,0.0,0.0,0.0,0.40214,0.10069,0,0.0,0.0,0.0,0.0,0.0,0,0.09146,0.00761,0.0,0.93415,0.52206,0.10996426514321883,0.64291,0.2911,0.0,1e-05,0.0,0.0
Kayn,item_bruiser,0.46454,0.21509,0.0,0.0,0.0,0.0,0.38124,0.09192,0,0.00099,6e-05,0.0,0.0,0.0,0,0.00745,0.00038,0.0,0.39244,0.12487,0.0,0.92859,0.56767,0.20675647047006457,2e-05,0.0,0.0
Kennen,item_ap,0.1758,0.02978,0.0,0.19336,0.04959,0.0,0.00156,0.00013,0,0.42512,0.14838,0.0,0.31294,0.06553,0,0.11231,0.0208,0.0,0.00042,2e-05,0.0,0.00178,8e-05,0.0,1.05507,0.68569,0.3163104754554276
Khazix,item_ad,0.15518,0.03495,0.0,1e-05,0.0,0.0,0.34756,0.07849,0,0.0,0.0,0.0,0.0,0.0,0,0.04578,0.00196,0.0,1.09097,0.71656,0.34215400245705774,0.46117,0.16804,0.0,0.0,0.0,0.0
Kindred,item_ad,0.4713,0.18094,0.0,6e-05,0.0,0.0,0.4395,0.1174,0,0.00207,0.00013,0.0,0.00025,1e-05,0,0.03756,0.00144,0.0,0.5367,0.21368,0.0,0.89683,0.48639,0.07595148228703352,0.0,0.0,0.0
Kled,item_bruiser,0.8527,0.48469,0.11667131974490857,0.0,0.0,0.0,0.22408,0.03642,0,0.00088,6e-05,0.0,0.0,0.0,0,0.07471,0.00763,0.0,0.21914,0.05937,0.0,0.7722,0.41183,0.05146142656127073,0.0,0.0,0.0
Kled,item_tank,0.91142,0.52026,0.1291010275841668,0.0,0.0,0.0,0.33842,0.07407,0,0.00367,0.00064,0.0,0.0,0.0,0,0.27159,0.06728,0.0,0.21317,0.05264,0.0,0.64493,0.2851,0.0,0.0,0.0,0.0
KogMaw,item_ad,0.74015,0.32987,0.0,0.00018,1e-05,0.0,0.30282,0.06251,0,0.30029,0.07266,0.0,0.04233,0.00253,0,0.08618,0.00765,0.0,0.01449,0.00139,0.0,0.96216,0.52227,0.08238343152388289,0.02052,0.00111,0.0
KogMaw,item_ap,0.13864,0.02103,0.0,0.03193,0.00226,0.0,0.00055,3e-05,0,1.0352,0.61766,0.20012462446126916,0.26499,0.04896,0,0.02878,0.00169,0.0,8e-05,0.0,0.0,0.11315,0.01182,0.0,0.68177,0.29653,0.0
Leblanc,item_ap,0.19674,0.03642,0.0,0.22336,0.0672,0.0,0.03068,0.00111,0,0.39538,0.12796,0.0,0.31553,0.06659,0,0.08414,0.01094,0.0,0.00098,4e-05,0.0,0.02695,0.00075,0.0,1.06268,0.68899,0.31531204708297095
LeeSin,item_ad,0.51349,0.20027,0.0,0.0,0.0,0.0,0.37466,0.08915,0,2e-05,0.0,0.0,0.0,0.0,0,0.07398,0.00612,0.0,0.85982,0.44369,0.02756832791734637,0.60399,0.26076,0.0,2e-05,0.0,0.0
LeeSin,item_bruiser,0.70809,0.36357,0.019053725434311386,0.01548,0.0005,0.0,0.39155,0.09634,0,0.00262,0.00015,0.0,0.00015,1e-05,0,0.07085,0.00632,0.0,0.35908,0.11003,0.0,0.79097,0.42309,0.0551996607580737,1e-05,0.0,0.0
Leona,item_tank,0.2728,0.07192,0.0,0.07514,0.01195,0.0,0.08798,0.00973,0,0.38022,0.12445,0.0,0.29934,0.06321,0,1.08602,0.70117,0.3163246296739494,0.00645,0.00034,0.0,0.07538,0.0092,0.0,0.05768,0.00804,0.0
Lillia,item_ap,0.0417,0.00389,0.0,0.00815,0.00034,0.0,0.00908,0.00057,0,1.18276,0.87874,0.574714554494138,0.33815,0.07522,0,0.05064,0.00437,0.0,1e-05,0.0,0.0,0.04314,0.00218,0.0,0.17673,0.0347,0.0
Lissandra,item_ap,0.11592,0.01432,0.0,0.26893,0.07767,0.0,0.03866,0.00157,0,0.52613,0.20054,0.0,0.39738,0.09892,0,0.09185,0.01435,0.0,0.0,0.0,0.0,0.00151,6e-05,0.0,0.98741,0.59257,0.19773117804656293
Lucian,item_ad,0.2343,0.05803,0.0,1e-05,0.0,0.0,0.36165,0.08407,0,0.00154,4e-05,0.0,0.0,0.0,0,0.0071,0.00028,0.0,1.03573,0.6253,0.2148741502093418,0.58224,0.23228,0.0,0.00014,1e-05,0.0
Lulu,item_ap,0.0192,0.00471,0.0,0.95673,0.54611,0.13549976758414783,0.00221,0.00026,0,0.18676,0.0378,0.0,0.36085,0.08361,0,0.38349,0.13582,0.0,0.00489,0.00048,0.0,0.00013,2e-05,0.0,0.4803,0.19119,0.0
Lulu,item_support,0.10058,0.01344,0.0,1.0995,0.68128,0.2630551371371994,0.00948,0.00047,0,0.26692,0.06321,0.0,0.40681,0.10314,0,0.34542,0.1126,0.0,0.01624,0.00201,0.0,0.00989,0.00088,0.0,0.12644,0.02297,0.0
Lux,item_ap,0.09723,0.0114,0.0,0.49768,0.19987,0.0,0.00813,0.00028,0,0.29693,0.07987,0.0,0.34451,0.07749,0,0.06813,0.00877,0.0,0.0,0.0,0.0,4e-05,0.0,0.0,0.99623,0.62232,0.24841219944221304
Malphite,item_ap,0.3778,0.11363,0.0,0.14153,0.03507,0.0,0.07608,0.00635,0,0.46406,0.17219,0.0,0.34505,0.07858,0,0.31058,0.09613,0.0,0.0028,0.0001,0.0,0.0169,0.00095,0.0,0.90622,0.497,0.08777880462231158
Malphite,item_tank,0.48962,0.1809,0.0,0.11578,0.02496,0.0,0.15176,0.02117,0,0.48675,0.17727,0.0,0.29614,0.06217,0,0.86187,0.44557,0.029275345371248263,0.02416,0.00135,0.0,0.09417,0.01378,0.0,0.27568,0.07283,0.0
Malzahar,item_ap,0.10128,0.01168,0.0,0.26921,0.08355,0.0,0.00047,3e-05,0,0.24317,0.05518,0.0,0.35058,0.07968,0,0.06533,0.00584,0.0,3e-05,0.0,0.0,0.00146,7e-05,0.0,1.11453,0.76397,0.4134064478278929
Maokai,item_ap,0.18455,0.03428,0.0,0.62238,0.25932,0.0,0.04081,0.0018,0,0.83205,0.4159,0.0,0.37442,0.08939,0,0.1035,0.01765,0.0,0.0,0.0,0.0,0.00014,1e-05,0.0,0.47842,0.18165,0.0
Maokai,item_tank,0.18799,0.04766,0.0,0.36797,0.11086,0.0,0.06944,0.00466,0,1.07227,0.68379,0.2953195960619513,0.36363,0.08511,0,0.2328,0.05665,0.0,0.0,0.0,0.0,0.0155,0.00072,0.0,0.07929,0.01055,0.0
MasterYi,item_ad,0.02379,0.00141,0.0,0.0,0.0,0.0,0.37711,0.09033,0,0.0001,0.0,0.0,0.0,0.0,0,0.03124,0.00098,0.0,0.66906,0.29894,0.0,1.01542,0.60833,0.20124403583939698,0.0,0.0,0.0
MissFortune,item_ad,0.34735,0.09457,0.0,0.0,0.0,0.0,0.34772,0.07856,0,0.0081,0.00023,0.0,0.02942,0.00082,0,0.01962,0.00105,0.0,1.02068,0.60493,0.1891839830815214,0.55784,0.21984,0.0,4e-05,0.0,0.0
MissFortune,item_ap,1.13671,0.76202,0.38732711086069865,0.05059,0.00478,0.0,0.23068,0.03931,0,0.30989,0.08363,0.0,0.19673,0.02988,0,0.11685,0.01918,0.0,0.05569,0.00488,0.0,0.10319,0.0153,0.0,0.19495,0.04101,0.0
MonkeyKing,item_ad,0.40447,0.14986,0.0,9e-05,1e-05,0.0,0.30541,0.0625,0,0.00324,0.00034,0.0,0.0,0.0,0,0.093,0.01457,0.0,0.90891,0.50136,0.09380042826300505,0.61687,0.27135,0.0,0.00012,1e-05,0.0
MonkeyKing,item_bruiser,0.61104,0.30669,0.002338955277789767,0.00017,1e-05,0.0,0.3581,0.08262,0,0.00478,0.00036,0.0,0.00032,1e-05,0,0.06895,0.00789,0.0,0.41033,0.14589,0.0,0.81583,0.45652,0.0972091532339524,0.00014,1e-05,0.0
Mordekaiser,item_ap,0.30873,0.09774,0.0,0.1023,0.01493,0.0,0.04334,0.00356,0,1.0807,0.69785,0.31500289041321555,0.347,0.07969,0,0.07756,0.01213,0.0,0.00894,0.00041,0.0,0.06624,0.00801,0.0,0.3012,0.08569,0.0
Mordekaiser,item_tank,0.40808,0.14553,0.0,0.17475,0.03309,0.0,0.0449,0.00706,0,1.00421,0.59082,0.17743252456489494,0.46691,0.13368,0,0.14441,0.02645,0.0,0.00023,2e-05,0.0,0.09915,0.01129,0.0,0.20818,0.05206,0.0
Morgana,item_ap,0.10923,0.01554,0.0,0.61218,0.25677,0.0,0.01717,0.00041,0,0.62111,0.26015,0.0,0.33724,0.07463,0,0.1236,0.02468,0.0,1e-05,0.0,0.0,8e-05,0.0,0.0,0.73485,0.36781,0.0007709693648043081
Nami,item_ap,0.14088,0.02093,0.0,1.14552,0.72219,0.298870408568617,0.07263,0.00465,0,0.42609,0.13091,0.0,0.37282,0.08837,0,0.13224,0.01874,0.0,0.0,0.0,0.0,0.00033,3e-05,0.0,0.09105,0.01418,0.0
Nami,item_support,0.14585,0.02058,0.0,1.17138,0.76371,0.3560510268416233,0.00027,2e-05,0,0.39654,0.10957,0.0,0.39275,0.09681,0,0.06702,0.00585,0.0,0.00013,1e-05,0.0,0.00145,0.00012,0.0,0.05128,0.00332,0.0
Nasus,item_ap,0.51145,0.1835,0.0,0.37843,0.13637,0.0,0.01776,0.00163,0,0.48856,0.18333,0.0,0.32586,0.071,0,0.10345,0.01728,0.0,8e-05,1e-05,0.0,0.07624,0.00633,0.0,0.79388,0.40055,0.0072178200274242155
Nasus,item_bruiser,0.86548,0.49347,0.12145414678346894,0.00016,1e-05,0.0,0.32256,0.0686,0,0.05513,0.0087,0.0,0.00029,3e-05,0,0.19124,0.035,0.0,0.06229,0.01122,0.0,0.73706,0.3817,0.026346871101897817,0.01376,0.00127,0.0
Nasus,item_tank,0.93842,0.55574,0.17306184090235033,0.03718,0.00309,0.0,0.36962,0.08778,0,0.19445,0.0384,0.0,0.11316,0.0113,0,0.11748,0.01764,0.0,0.06667,0.00821,0.0,0.60332,0.27347,0.0,0.04128,0.00437,0.0
Nautilus,item_tank,0.31318,0.08725,0.0,0.14764,0.02934,0.0,0.0891,0.00856,0,0.4255,0.15168,0.0,0.34265,0.07805,0,1.02686,0.62697,0.22708132674856468,0.00668,0.00025,0.0,0.04473,0.00327,0.0,0.07906,0.01463,0.0
Neeko,item_ap,0.10851,0.01319,0.0,0.19554,0.05196,0.0,0.00067,5e-05,0,0.4097,0.13481,0.0,0.34628,0.07802,0,0.10631,0.02031,0.0,0.00041,1e-05,0.0,0.00044,3e-05,0.0,1.07208,0.7016,0.3311197395985311
Nidalee,item_ap,0.19949,0.04101,0.0,0.8721,0.45353,0.03495157284242095,0.00156,5e-05,0,0.61824,0.25882,0.0,0.33281,0.07288,0,0.05034,0.00284,0.0,0.00773,0.00019,0.0,0.00049,2e-05,0.0,0.46611,0.17066,0.0
Nocturne,item_ad,0.75258,0.39627,0.03995405477233077,0.0,0.0,0.0,0.34812,0.07857,0,0.0,0.0,0.0,0.0,0.0,0,0.00465,0.00037,0.0,0.87844,0.50774,0.13704971963628165,0.12258,0.01705,0.0,0.0,0.0,0.0
Nocturne,item_bruiser,1.04564,0.70067,0.3557079273565406,0.0,0.0,0.0,0.30833,0.06329,0,3e-05,0.0,0.0,0.0,0.0,0,0.00201,0.00021,0.0,0.49008,0.19731,0.0,0.15611,0.03851,0.0,0.0,0.0,0.0
Nunu,item_ap,0.15185,0.03311,0.0,0.56896,0.22488,0.0,0.01443,0.00075,0,1.00968,0.59692,0.1841497108572464,0.32,0.06841,0,0.09936,0.01508,0.0,0.00035,2e-05,0.0,0.002,0.00018,0.0,0.24425,0.06067,0.0
Nunu,item_tank,0.28087,0.10587,0.0,0.4261,0.14199,0.0,0.00907,0.00126,0,0.99041,0.60829,0.22618244418873412,0.37946,0.09196,0,0.17694,0.03369,0.0,1e-05,0.0,0.0,0.0552,0.00442,0.0,0.08461,0.01251,0.0
Olaf,item_bruiser,0.03222,0.00535,0.0,0.0,0.0,0.0,0.2174,0.03448,0,0.00036,2e-05,0.0,0.0,0.0,0,0.00054,4e-05,0.0,0.24755,0.0673,0.0,1.1426,0.89281,0.6430178823168378,0.0,0.0,0.0
Olaf,item_tank,0.08833,0.01994,0.0,0.0,0.0,0.0,0.2833,0.05405,0,0.00029,6e-05,0.0,0.0,0.0,0,0.00304,0.00054,0.0,0.33662,0.09675,0.0,1.14857,0.82865,0.5087415241549581,0.0,0.0,0.0
Orianna,item_ap,0.16507,0.02592,0.0,0.51134,0.20899,0.0,0.04683,0.00264,0,0.23094,0.0558,0.0,0.3517,0.0806,0,0.07798,0.01245,0.0,3e-05,0.0,0.0,0.00124,7e-05,0.0,0.99497,0.61353,0.23208293740050928
Ornn,item_tank,0.53842,0.21872,0.0,0.01595,0.00166,0.0,0.2387,0.04749,0,0.28307,0.08044,0.0,0.24019,0.04794,0,0.99638,0.58291,0.16944349781919926,0.01386,0.00096,0.0,0.10794,0.01785,0.0,0.02218,0.00202,0.0
Pantheon,item_ad,0.20624,0.05454,0.0,0.00034,1e-05,0.0,0.33059,0.07196,0,2e-05,0.0,0.0,0.0,0.0,0,0.02033,0.00123,0.0,1.07159,0.68288,0.2941703822466442,0.50839,0.18937,0.0,0.00018,1e-05,0.0
Pantheon,item_bruiser,0.41528,0.16852,0.0,0.0,0.0,0.0,0.3234,0.06923,0,9e-05,1e-05,0.0,0.0,0.0,0,0.04196,0.00275,0.0,0.751,0.35685,0.0,0.79171,0.40265,0.013579206485112183,0.0,0.0,0.0
Poppy,item_tank,0.77851,0.41136,0.044207124957076904,0.00065,4e-05,0.0,0.29225,0.05992,0,0.0767,0.00832,0.0,0.07188,0.00675,0,0.57514,0.23241,0.0,0.26949,0.07316,0.0,0.51764,0.20803,0.0,0.00027,3e-05,0.0
Pyke,item_ad,0.05016,0.00799,0.0,0.00011,0.0,0.0,0.33664,0.0743,0,0.00417,0.0002,0.0,0.0,0.0,0,0.05485,0.00319,0.0,0.81441,0.41065,0.006886955037384457,0.91984,0.50366,0.08747836852899687,0.00037,1e-05,0.0
Qiyana,item_ad,0.17027,0.03707,0.0,0.0,0.0,0.0,0.31631,0.06667,0,0.0,0.0,0.0,0.0,0.0,0,0.04196,0.00164,0.0,1.13839,0.79295,0.4475128948994989,0.34361,0.10167,0.0,0.0,0.0,0.0
Quinn,item_ad,0.14858,0.03891,0.0,0.00012,0.0,0.0,0.34655,0.07809,0,1e-05,0.0,0.0,0.0,0.0,0,0.01611,0.00059,0.0,1.09363,0.71954,0.34546328777792445,0.47049,0.16284,0.0,0.00049,2e-05,0.0
Rakan,item_ap,0.22624,0.04938,0.0,0.63362,0.2576,0.0,0.00095,0.0002,0,0.7359,0.32461,0.0,0.44148,0.11745,0,0.42302,0.1477,0.0,3e-05,0.0,0.0,0.0062,0.00087,0.0,0.3252,0.10219,0.0
Rakan,item_support,0.0736,0.02258,0.0,0.71571,0.31347,0.0,0.00085,0.00015,0,0.63977,0.27068,0.0,0.32897,0.07128,0,0.6742,0.30023,0.0,0.00586,0.00074,0.0,0.01596,0.00291,0.0,0.08528,0.01796,0.0
Rakan,item_tank,0.1413,0.03336,0.0,0.51099,0.18776,0.0,0.02976,0.00285,0,0.57354,0.2291,0.0,0.34598,0.0792,0,0.84598,0.4455,0.04501022348025402,0.02302,0.002,0.0,0.02011,0.00371,0.0,0.09315,0.01654,0.0
Rammus,item_tank,0.25049,0.06274,0.0,0.15586,0.03414,0.0,0.07602,0.00756,0,0.5201,0.20101,0.0,0.36142,0.08589,0,0.97309,0.56651,0.15993861217371086,0.00141,8e-05,0.0,0.04139,0.00549,0.0,0.16351,0.03656,0.0
RekSai,item_ad,0.03527,0.00694,0.0,0.0,0.0,0.0,0.42372,0.10909,0,0.0,0.0,0.0,0.0,0.0,0,0.0002,2e-05,0.0,0.86744,0.4353,0.0031526794944471415,0.8878,0.44865,0.009509781058648248,0.0,0.0,0.0
RekSai,item_bruiser,0.09441,0.02151,0.0,0.0,0.0,0.0,0.46362,0.12727,0,1e-05,0.0,0.0,0.0,0.0,0,0.12532,0.01489,0.0,0.47368,0.17137,0.0,1.08408,0.66495,0.24581666581467299,1e-05,0.0,0.0
Rell,item_tank,0.20178,0.05149,0.0,0.23279,0.05942,0.0,0.02342,0.00338,0,0.62154,0.26744,0.0,0.48935,0.14303,0,0.84106,0.43172,0.022388136683726523,0.00099,6e-05,0.0,0.05143,0.00567,0.0,0.16114,0.03779,0.0
Renekton,item_bruiser,0.55384,0.26968,0.0,1e-05,0.0,0.0,0.316,0.06654,0,0.00458,0.00036,0.0,1e-05,0.0,0,0.02265,0.0022,0.0,0.29704,0.08349,0.0,0.93027,0.57775,0.22522403552731718,0.0,0.0,0.0
Renekton,item_tank,0.66867,0.33171,0.0,3e-05,0.0,0.0,0.27532,0.05195,0,0.03016,0.00349,0.0,0.0,0.0,0,0.21715,0.03993,0.0,0.38142,0.12468,0.0,0.82761,0.44819,0.06877900636915896,0.00036,4e-05,0.0
Rengar,item_ad,0.24141,0.06865,0.0,0.0003,2e-05,0.0,0.34772,0.07843,0,1e-05,0.0,0.0,0.0,0.0,0,0.02938,0.0016,0.0,0.98804,0.58269,0.17734241990596505,0.61181,0.26851,0.0,0.00178,0.0001,0.0
Rengar,item_bruiser,0.57095,0.26729,0.0,0.0,0.0,0.0,0.33132,0.07196,0,0.00167,0.00015,0.0,0.00226,0.00021,0,0.00047,5e-05,0.0,0.48703,0.18025,0.0,0.84214,0.48009,0.11805088435831285,0.0,0.0,0.0
Riven,item_bruiser,0.33545,0.13307,0.0,2e-05,0.0,0.0,0.31213,0.06516,0,0.00046,3e-05,0.0,0.0,0.0,0,0.08242,0.00718,0.0,0.7888,0.40055,0.012308264040801487,0.77709,0.394,0.010900413965629963,0.00022,1e-05,0.0
Rumble,item_ap,0.11534,0.01705,0.0,0.25173,0.07048,0.0,0.00032,2e-05,0,0.58292,0.23211,0.0,0.36743,0.08635,0,0.06722,0.00738,0.0,0.0,0.0,0.0,7e-05,1e-05,0.0,0.98834,0.58659,0.1848362263156359
Ryze,item_ap,0.19621,0.04104,0.0,0.44036,0.18059,0.0,0.03381,0.00163,0,0.33128,0.09656,0.0,0.35093,0.08024,0,0.07231,0.00874,0.0,0.02723,0.00083,0.0,0.01843,0.00074,0.0,0.96148,0.58964,0.21780670947135639
Samira,item_ad,0.36791,0.12563,0.0,0.00058,2e-05,0.0,0.35161,0.08007,0,2e-05,0.0,0.0,0.00033,1e-05,0,0.00765,0.00038,0.0,0.95707,0.54424,0.13141232142501447,0.58823,0.24964,0.0,2e-05,0.0,0.0
Sejuani,item_tank,0.91456,0.49872,0.08288134270825598,0.0017,0.00011,0.0,0.31767,0.07164,0,0.11829,0.02097,0.0,0.15786,0.02452,0,0.70646,0.31898,0.0,0.00217,0.00019,0.0,0.24507,0.0648,0.0,0.0008,7e-05,0.0
Senna,item_ad,0.42607,0.16111,0.0,0.0,0.0,0.0,0.36701,0.08622,0,9e-05,0.0,0.0,1e-05,0.0,0,0.04019,0.0016,0.0,0.80632,0.42443,0.04255120383283684,0.71279,0.32664,0.0,0.0,0.0,0.0
Seraphine,item_ap,0.22935,0.04835,0.0,0.91452,0.48269,0.050864955310679916,0.00101,8e-05,0,0.40797,0.13305,0.0,0.38971,0.09559,0,0.05893,0.00606,0.0,0.00011,1e-05,0.0,0.00041,4e-05,0.0,0.57609,0.23414,0.0
Seraphine,item_support,0.14904,0.02565,0.0,1.13628,0.72881,0.3213541435248861,0.00024,2e-05,0,0.39067,0.11428,0.0,0.36268,0.08431,0,0.05055,0.00597,0.0,4e-05,0.0,0.0,0.05298,0.00336,0.0,0.19627,0.03758,0.0
Sett,item_bruiser,0.05154,0.00873,0.0,0.0,0.0,0.0,0.32548,0.07006,0,0.00046,3e-05,0.0,0.0,0.0,0,0.00097,5e-05,0.0,0.15264,0.03056,0.0,1.17081,0.89057,0.6103254840211207,0.0,0.0,0.0
Sett,item_tank,0.15364,0.03076,0.0,0.0,0.0,0.0,0.25957,0.04712,0,0.0029,0.00035,0.0,0.0,0.0,0,0.03906,0.00311,0.0,0.16412,0.03594,0.0,1.15475,0.88271,0.6106769139270489,0.0,0.0,0.0
Shaco,item_ad,0.76913,0.38727,0.005408927258625185,0.06265,0.00614,0.0,0.27542,0.05494,0,0.14888,0.02644,0.0,0.09176,0.01028,0,0.43728,0.15366,0.0,0.40118,0.13745,0.0,0.48033,0.18983,0.0,0.18519,0.034,0.0
Shaco,item_ap,0.14814,0.02221,0.0,0.25303,0.07888,0.0,0.00257,0.00016,0,0.44556,0.14743,0.0,0.35488,0.08144,0,0.11385,0.02461,0.0,4e-05,0.0,0.0,0.0274,0.00126,0.0,1.02655,0.64401,0.26146009045580887
Shen,item_tank,0.66549,0.30393,0.0,0.02424,0.00198,0.0,0.25319,0.05025,0,0.17426,0.03931,0.0,0.1793,0.02981,0,0.88161,0.46087,0.040127200133223295,0.07226,0.01154,0.0,0.32844,0.101,0.0,0.02441,0.0013,0.0
Shyvana,item_ap,0.45914,0.16149,0.0,0.32946,0.11176,0.0,0.05616,0.00355,0,0.57071,0.23805,0.0,0.27429,0.05259,0,0.02915,0.00287,0.0,0.0,0.0,0.0,0.03405,0.00167,0.0,0.80722,0.42803,0.048834035101647244
Singed,item_ap,0.14432,0.0316,0.0,0.1998,0.0513,0.0,0.00044,5e-05,0,0.92039,0.50012,0.07986144309579202,0.34575,0.07775,0,0.35672,0.11634,0.0,4e-05,0.0,0.0,0.00643,0.00052,0.0,0.54781,0.22231,0.0
Singed,item_tank,0.20784,0.05782,0.0,0.23989,0.06688,0.0,0.006,0.00096,0,0.73954,0.35392,0.0,0.35995,0.08379,0,0.68492,0.3091,0.0,0.00066,5e-05,0.0,0.00827,0.00121,0.0,0.37506,0.12628,0.0
Sion,item_ad,0.76798,0.39643,0.024887952236242794,0.0,0.0,0.0,0.3941,0.09701,0,6e-05,1e-05,0.0,0.0,0.0,0,0.03448,0.00363,0.0,0.64613,0.29436,0.0,0.51315,0.20855,0.0,0.0,0.0,0.0
Sion,item_tank,1.0592,0.69335,0.32750494369903593,0.0,0.0,0.0,0.32622,0.07075,0,0.02436,0.00256,0.0,0.02675,0.00125,0,0.38703,0.12994,0.0,0.0494,0.00357,0.0,0.31853,0.09857,0.0,0.0,0.0,0.0
Sivir,item_ad,0.08354,0.01819,0.0,0.00397,0.0001,0.0,0.322,0.0688,0,0.0,0.0,0.0,0.0,0.0,0,0.04437,0.00195,0.0,1.15567,0.84384,0.5320166365721304,0.26382,0.06711,0.0,3e-05,0.0,0.0
Skarner,item_tank,0.59299,0.27146,0.0,0.00292,0.00026,0.0,0.26075,0.05027,0,0.18486,0.04153,0.0,0.13281,0.0173,0,0.84242,0.43469,0.026952066945442554,0.25853,0.06798,0.0,0.34759,0.11443,0.0,0.02367,0.00209,0.0
Sona,item_ap,0.22828,0.05014,0.0,1.13621,0.72424,0.31226168030329904,0.01166,0.00091,0,0.40657,0.12982,0.0,0.35795,0.08306,0,0.06368,0.00623,0.0,0.02188,0.00156,0.0,0.01305,0.00108,0.0,0.02978,0.00296,0.0
Sona,item_support,0.1484,0.02396,0.0,1.17398,0.7857,0.3974129971274235,0.03675,0.00132,0,0.36315,0.09906,0.0,0.3677,0.08651,0,0.03862,0.00183,0.0,0.00572,0.00021,0.0,0.014,0.00131,0.0,0.00213,0.0001,0.0
Soraka,item_ap,0.10249,0.01128,0.0,1.17399,0.81533,0.45667503703258433,7e-05,1e-05,0,0.38983,0.11347,0.0,0.27938,0.05356,0,0.08273,0.00593,0.0,2e-05,0.0,0.0,0.00091,7e-05,0.0,0.00433,0.00034,0.0
Soraka,item_support,0.05667,0.00385,0.0,1.18498,0.79914,0.4132999773165565,1e-05,0.0,0,0.42481,0.11965,0.0,0.34076,0.07583,0,0.03495,0.00134,0.0,1e-05,0.0,0.0,0.00119,0.00011,0.0,0.00198,8e-05,0.0
Soraka,item_tank,0.08298,0.00775,0.0,1.18443,0.82497,0.46550450202288157,4e-05,0.0,0,0.3381,0.08703,0.0,0.34441,0.07722,0,0.0432,0.00239,0.0,0.00202,9e-05,0.0,0.00126,0.00012,0.0,0.01027,0.00043,0.0
Swain,item_ap,0.2156,0.04622,0.0,0.34496,0.10289,0.0,0.00284,0.00024,0,1.10805,0.72767,0.3472872878712359,0.34682,0.07835,0,0.05474,0.00641,0.0,1e-05,0.0,0.0,0.00231,0.00011,0.0,0.18322,0.03811,0.0
Sylas,item_ap,0.21533,0.05934,0.0,0.38082,0.12311,0.0,0.03983,0.002,0,1.02895,0.63077,0.23257834025952595,0.31185,0.06547,0,0.1308,0.02424,0.0,1e-05,0.0,0.0,0.00331,0.00031,0.0,0.3061,0.09474,0.0
Syndra,item_ap,0.14086,0.01892,0.0,0.31318,0.1099,0.0,0.02987,0.00118,0,0.30288,0.08261,0.0,0.33112,0.07244,0,0.0627,0.00704,0.0,0.00094,3e-05,0.0,0.00066,3e-05,0.0,1.061,0.70786,0.35470856862042854
TahmKench,item_tank,0.58785,0.26861,0.0,0.09915,0.01901,0.0,0.09999,0.01396,0,0.94428,0.56813,0.19198252542613486,0.3394,0.07996,0,0.19173,0.04302,0.0,0.00295,0.00012,0.0,0.03523,0.00452,0.0,0.02286,0.00266,0.0
Taliyah,item_ap,0.08072,0.01117,0.0,0.28158,0.09497,0.0,0.0098,0.00049,0,0.38333,0.12415,0.0,0.34173,0.07644,0,0.11624,0.01411,0.0,0.0,0.0,0.0,0.00039,2e-05,0.0,1.03945,0.67866,0.3178593792363495
Talon,item_ad,0.09466,0.01961,0.0,0.0,0.0,0.0,0.33043,0.07184,0,0.0,0.0,0.0,0.0,0.0,0,4e-05,0.0,0.0,1.0917,0.72248,0.35325499596471477,0.4852,0.18607,0.0,0.0,0.0,0.0
Talon,item_bruiser,0.26114,0.10392,0.0,0.0,0.0,0.0,0.2728,0.05128,0,0.0,0.0,0.0,0.0,0.0,0,0.0,0.0,0.0,0.80032,0.41109,0.02185278443992833,0.80224,0.43372,0.0651899245943276,0.0,0.0,0.0
Taric,item_tank,0.42736,0.1608,0.0,0.6578,0.27073,0.0,0.08973,0.01002,0,0.77841,0.39721,0.01600831854473045,0.27149,0.05374,0,0.26463,0.07073,0.0,0.02516,0.00314,0.0,0.1285,0.03349,0.0,0.00132,0.00014,0.0
Teemo,item_ap,0.24448,0.05095,0.0,0.29904,0.0943,0.0,0.05208,0.00286,0,0.44591,0.15235,0.0,0.37516,0.08985,0,0.14086,0.02569,0.0,0.004,0.00011,0.0,0.03164,0.0019,0.0,0.98051,0.58199,0.18347632988550527
Thresh,item_ad,0.87149,0.45474,0.03799324874247134,0.1015,0.01512,0.0,0.26538,0.05315,0,0.23489,0.05956,0.0,0.19486,0.03274,0,0.49533,0.17903,0.0,0.11416,0.01858,0.0,0.34477,0.10379,0.0,0.30402,0.08331,0.0
Thresh,item_tank,0.16085,0.03486,0.0,0.31612,0.09718,0.0,0.04633,0.00302,0,0.33403,0.1049,0.0,0.34566,0.07858,0,1.02847,0.63748,0.2464924137882054,0.00742,0.00037,0.0,0.03613,0.00234,0.0,0.17113,0.04126,0.0
Tristana,item_ad,0.19225,0.04323,0.0,0.00351,0.00011,0.0,0.33144,0.07233,0,0.00097,4e-05,0.0,0.00022,1e-05,0,0.01334,0.00078,0.0,0.95888,0.54452,0.13016233200066413,0.73053,0.33891,0.0,0.00218,6e-05,0.0
Trundle,item_bruiser,0.87648,0.53073,0.1849730896412432,2e-05,0.0,0.0,0.37901,0.09157,0,0.09063,0.00999,0.0,0.01909,0.00133,0,0.02441,0.00183,0.0,0.08067,0.011,0.0,0.67568,0.35357,0.03145025075988639,0.0,0.0,0.0
Trundle,item_tank,0.88278,0.5173,0.15181704591826573,0.0001,1e-05,0.0,0.34373,0.08002,0,0.28451,0.06999,0.0,0.15893,0.02326,0,0.09159,0.01112,0.0,0.10396,0.01134,0.0,0.60824,0.28696,0.0,0.0,0.0,0.0
Tryndamere,item_ad,0.24128,0.07594,0.0,0.0,0.0,0.0,0.35541,0.08153,0,7e-05,0.0,0.0,0.0,0.0,0,0.04176,0.00168,0.0,0.87099,0.4595,0.048009918681614305,0.7706,0.38134,0.0,2e-05,0.0,0.0
TwistedFate,item_ad,0.70839,0.317,0.0,0.28171,0.08178,0.0,0.2438,0.04376,0,0.18971,0.0428,0.0,0.19973,0.03124,0,0.17475,0.03784,0.0,0.20773,0.04787,0.0,0.56722,0.21852,0.0,0.50295,0.17919,0.0
TwistedFate,item_ap,0.22247,0.04321,0.0,0.42665,0.17605,0.0,0.03535,0.00163,0,0.28355,0.08206,0.0,0.37473,0.0897,0,0.09359,0.01481,0.0,1e-05,0.0,0.0,0.03172,0.00112,0.0,0.95378,0.59142,0.22906511730672213
Twitch,item_ad,0.05225,0.00406,0.0,1e-05,0.0,0.0,0.34255,0.07656,0,0.00154,5e-05,0.0,0.0,0.0,0,0.04112,0.00159,0.0,0.59911,0.25375,0.0,1.05452,0.66399,0.2734583883315096,1e-05,0.0,0.0
Twitch,item_ap,0.20721,0.04297,0.0,0.0,0.0,0.0,0.33856,0.07599,0,0.25005,0.05281,0.0,0.03111,0.00244,0,0.00423,0.00029,0.0,0.07907,0.01245,0.0,1.16652,0.81305,0.45958652422703794,0.0,0.0,0.0
Udyr,item_ad,0.36492,0.13165,0.0,0.0,0.0,0.0,0.36974,0.08571,0,7e-05,1e-05,0.0,0.0,0.0,0,0.04131,0.00782,0.0,0.98452,0.53768,0.09083890905632075,0.5961,0.23713,0.0,0.0,0.0,0.0
Udyr,item_bruiser,0.54794,0.23125,0.0,0.0,0.0,0.0,0.38989,0.09375,0,0.0177,0.00266,0.0,0.0,0.0,0,0.00604,0.00093,0.0,0.43084,0.12949,0.0,0.94347,0.54192,0.14037509086082456,0.0,0.0,0.0
Udyr,item_tank,0.72455,0.37257,0.02059182409503124,0.01025,0.00093,0.0,0.26859,0.05085,0,0.27024,0.07621,0.0,0.01256,0.00123,0,0.42282,0.14784,0.0,0.27295,0.0786,0.0,0.59882,0.26717,0.0,0.05014,0.00459,0.0
Urgot,item_bruiser,0.24746,0.08063,0.0,0.0,0.0,0.0,0.32788,0.0709,0,0.00266,0.00013,0.0,0.0,0.0,0,0.00018,1e-05,0.0,0.78428,0.38972,0.0,0.85869,0.45861,0.05853143623199719,0.0,0.0,0.0
Urgot,item_tank,0.3577,0.13914,0.0,0.0,0.0,0.0,0.28408,0.05495,0,2e-05,0.0,0.0,0.0,0.0,0,0.004,0.00046,0.0,0.81627,0.4174,0.01853454139085786,0.77284,0.38805,0.003260004895073998,0.0,0.0,0.0
Varus,item_ad,0.59956,0.25375,0.0,0.0,0.0,0.0,0.35921,0.0831,0,0.0,0.0,0.0,0.0,0.0,0,0.02436,0.00058,0.0,1.01571,0.61455,0.21338825849465592,0.21787,0.04802,0.0,0.0,0.0,0.0
Vayne,item_ad,0.01219,0.00116,0.0,7e-05,0.0,0.0,0.38674,0.09434,0,0.00312,0.00014,0.0,0.0,0.0,0,0.01242,0.00064,0.0,0.60643,0.24902,0.0,1.064,0.65462,0.24523754940253972,0.00261,9e-05,0.0
Veigar,item_ap,0.08504,0.00937,0.0,0.38732,0.14656,0.0,0.01173,0.0003,0,0.26806,0.06613,0.0,0.34405,0.07727,0,0.10478,0.01548,0.0,0.00077,2e-05,0.0,0.00059,3e-05,0.0,1.04998,0.68483,0.3196841328428654
Velkoz,item_ap,0.0148,0.00222,0.0,0.02095,0.00177,0.0,0.00117,5e-05,0,1.09243,0.68158,0.2707279828214068,0.34341,0.07693,0,0.05924,0.0063,0.0,0.0,0.0,0.0,0.00423,0.00019,0.0,0.58767,0.23097,0.0
Vex,item_ap,0.17547,0.0293,0.0,0.23142,0.06884,0.0,0.042,0.00214,0,0.35578,0.10631,0.0,0.56725,0.18194,0,0.05262,0.00715,0.0,0.0,0.0,0.0,0.02489,0.00084,0.0,1.01736,0.60349,0.18961261995355183
Vi,item_ad,0.18923,0.04776,0.0,0.0,0.0,0.0,0.37265,0.08791,0,0.0,0.0,0.0,0.0,0.0,0,0.00059,6e-05,0.0,1.07949,0.67574,0.27198352889117033,0.51443,0.18853,0.0,0.0,0.0,0.0
Vi,item_bruiser,0.3284,0.12868,0.0,0.0,0.0,0.0,0.45441,0.12411,0,0.0,0.0,0.0,3e-05,0.0,0,0.0009,6e-05,0.0,0.71342,0.33164,0.0,0.80717,0.4155,0.023838764119155698,0.0,0.0,0.0
Viego,item_ad,0.6093,0.27642,0.0,0.0,0.0,0.0,0.37367,0.08884,0,0.02198,0.00107,0.0,2e-05,0.0,0,0.02261,0.00111,0.0,0.50319,0.18292,0.0,0.83465,0.44965,0.06464294771924811,0.0,0.0,0.0
Viego,item_bruiser,0.65259,0.32612,0.0,0.0,0.0,0.0,0.35838,0.08267,0,0.00045,4e-05,0.0,0.00021,2e-05,0,0.0148,0.00152,0.0,0.37047,0.11793,0.0,0.83781,0.47171,0.1056122017990308,2e-05,0.0,0.0
Viktor,item_ap,0.11214,0.01338,0.0,0.33755,0.13104,0.0,0.00014,1e-05,0,0.30024,0.0809,0.0,0.33717,0.07447,0,0.04881,0.0046,0.0,0.00098,4e-05,0.0,0.00092,3e-05,0.0,1.04051,0.69553,0.350554043251924
Vladimir,item_ap,0.19477,0.0531,0.0,0.68129,0.29344,0.0,0.00762,0.00046,0,0.98608,0.57204,0.1579953675271199,0.31603,0.06689,0,0.07415,0.00557,0.0,0.00251,9e-05,0.0,0.00505,0.00034,0.0,0.06671,0.00806,0.0
Volibear,item_bruiser,0.91975,0.53095,0.14214350102643203,0.0,0.0,0.0,0.45141,0.12231,0,0.00259,0.00045,0.0,0.00149,0.00014,0,0.16767,0.02419,0.0,0.21125,0.04771,0.0,0.59941,0.27426,0.0,1e-05,0.0,0.0
Volibear,item_tank,0.9011,0.5065,0.11189761803781256,0.00312,0.00019,0.0,0.31276,0.06782,0,0.19152,0.04169,0.0,0.11802,0.01431,0,0.58272,0.23325,0.0,0.04862,0.00508,0.0,0.38579,0.13105,0.0,0.00165,0.00013,0.0
Warwick,item_ad,1.01886,0.6453,0.2717319246148604,0.09801,0.01539,0.0,0.15106,0.01781,0,0.50826,0.19337,0.0,0.00043,5e-05,0,0.03821,0.00628,0.0,0.01406,0.00225,0.0,0.3499,0.11954,0.0,8e-05,1e-05,0.0
Warwick,item_bruiser,1.00764,0.6269,0.24615436787913747,0.09911,0.01283,0.0,0.31317,0.06801,0,0.42384,0.14962,0.0,0.132,0.01696,0,0.02987,0.0031,0.0,0.01332,0.00088,0.0,0.34923,0.11859,0.0,0.04346,0.00312,0.0
Warwick,item_tank,0.88367,0.49212,0.1005700760847919,0.09433,0.01288,0.0,0.29393,0.06516,0,0.63679,0.28068,0.0,0.20218,0.03728,0,0.08672,0.0119,0.0,0.00109,9e-05,0.0,0.31391,0.09977,0.0,0.00151,0.00012,0.0
Xayah,item_ad,0.11564,0.02525,0.0,0.0,0.0,0.0,0.34433,0.07725,0,0.0,0.0,0.0,0.0,0.0,0,0.02121,0.00083,0.0,1.13954,0.79807,0.4565932704857406,0.33724,0.0986,0.0,0.0,0.0,0.0
Xerath,item_ap,0.08449,0.00905,0.0,0.39338,0.15933,0.0,0.0001,0.0,0,0.28307,0.07359,0.0,0.3405,0.07577,0,0.04706,0.00344,0.0,0.00119,3e-05,0.0,2e-05,0.0,0.0,1.0267,0.67878,0.33086363378089967
XinZhao,item_ad,0.40668,0.16529,0.0,0.0,0.0,0.0,0.40089,0.1,0,0.0,0.0,0.0,0.0,0.0,0,0.00429,0.00033,0.0,0.76353,0.37745,0.0,0.70495,0.35694,0.008933748864586033,0.0,0.0,0.0
XinZhao,item_bruiser,0.49198,0.22345,0.0,0.0,0.0,0.0,0.39971,0.09966,0,0.06137,0.0034,0.0,0.0,0.0,0,0.00037,2e-05,0.0,0.43961,0.15377,0.0,0.89789,0.51969,0.14150442324322116,0.0,0.0,0.0
Yasuo,item_ad,0.17357,0.04281,0.0,0.00366,0.00012,0.0,0.30853,0.06388,0,0.002,7e-05,0.0,0.0,0.0,0,0.06341,0.00462,0.0,1.11369,0.7463,0.3789107914376077,0.42483,0.14201,0.0,0.00469,0.00019,0.0
Yone,item_ad,0.30001,0.08886,0.0,0.00012,0.0,0.0,0.33835,0.07494,0,0.00808,0.00054,0.0,0.00051,3e-05,0,0.07427,0.00735,0.0,0.51944,0.20019,0.0,1.03037,0.62797,0.22557222595634735,0.00301,0.0001,0.0
Yorick,item_ad,0.81677,0.43688,0.056981067456359835,0.06672,0.00774,0.0,0.4491,0.12063,0,0.12107,0.01571,0.0,0.00036,5e-05,0,0.06431,0.01102,0.0,0.39345,0.13995,0.0,0.61107,0.26572,0.0,0.01844,0.00231,0.0
Yorick,item_bruiser,0.89076,0.51174,0.1327203124300459,3e-05,0.0,0.0,0.29541,0.05918,0,0.03947,0.0029,0.0,0.00159,0.0001,0,0.09592,0.01061,0.0,0.20089,0.0436,0.0,0.72852,0.37185,0.015171279849466313,7e-05,0.0,0.0
Yorick,item_tank,0.91961,0.57831,0.23701550475615363,0.02439,0.00269,0.0,0.13937,0.01538,0,0.03917,0.00787,0.0,5e-05,1e-05,0,0.19714,0.03379,0.0,0.1015,0.02358,0.0,0.65272,0.33818,0.023642132379202707,0.00159,0.00019,0.0
Yuumi,item_ap,0.18292,0.03097,0.0,1.03857,0.56749,0.09641923160476473,5e-05,1e-05,0,0.65069,0.25013,0.0,0.42497,0.11063,0,0.13169,0.01763,0.0,4e-05,0.0,0.0,0.0009,7e-05,0.0,0.13871,0.02306,0.0
Yuumi,item_support,0.11331,0.0147,0.0,1.1479,0.70917,0.2704323007323689,0.00029,2e-05,0,0.58442,0.20344,0.0,0.31839,0.06742,0,0.046,0.00363,0.0,0.01601,0.0008,0.0,0.01229,0.00072,0.0,0.00109,0.00011,0.0
Zac,item_ap,0.25661,0.04905,0.0,0.26718,0.05817,0.0,0.00462,0.00072,0,1.11838,0.65327,0.18816536139802065,0.6406,0.2215,0,0.00055,0.00012,0.0,0.0,0.0,0.0,0.00012,3e-05,0.0,0.13187,0.01714,0.0
Zac,item_tank,0.18988,0.04108,0.0,0.13363,0.02307,0.0,0.03631,0.004,0,1.15961,0.85046,0.5413046469434417,0.28951,0.05929,0,0.10115,0.01238,0.0,0.0,0.0,0.0,0.07583,0.00936,0.0,0.00489,0.00037,0.0
Zed,item_ad,0.08284,0.01441,0.0,0.0,0.0,0.0,0.36426,0.08511,0,0.0,0.0,0.0,0.0,0.0,0,0.00522,0.00026,0.0,1.12901,0.7852,0.4413826154105707,0.35544,0.11502,0.0,0.0,0.0,0.0
Ziggs,item_ap,0.12778,0.01726,0.0,0.38893,0.14939,0.0,6e-05,0.0,0,0.27286,0.06921,0.0,0.33881,0.07512,0,0.03386,0.00232,0.0,0.0,0.0,0.0,0.00012,0.0,0.0,1.04065,0.68668,0.3327036660526302
Zilean,item_ap,0.17223,0.03611,0.0,0.9849,0.56396,0.14301681506238484,0.00634,0.00038,0,0.44453,0.14833,0.0,0.38686,0.09462,0,0.05935,0.00589,0.0,0.00044,2e-05,0.0,0.01026,0.0007,0.0,0.41467,0.14999,0.0
Zoe,item_ap,0.17115,0.03064,0.0,0.03304,0.00299,0.0,0.04697,0.0031,0,0.9029,0.47527,0.04763181812905842,0.46426,0.12976,0,0.11792,0.02183,0.0,0.0,0.0,0.0,0.03772,0.002,0.0,0.72583,0.33441,0.0
Zyra,item_ap,0.14137,0.01963,0.0,0.4261,0.17341,0.0,0.00039,2e-05,0,0.2624,0.06391,0.0,0.34484,0.07745,0,0.03049,0.0037,0.0,0.0,0.0,0.0,1e-05,0.0,0.0,1.01947,0.66188,0.30427912668063645
